1,Aurlie,Brimming,abrimming0@bandcamp.com,Female
2,Fabian,Chark,fchark1@privacy.gov.au,Male
3,Fredra,Fitton,ffitton2@imgur.com,Female
4,Suellen,Pomfrett,spomfrett3@omniture.com,Female
5,Rriocard,Chippendale,rchippendale4@umn.edu,Male
6,Delphinia,Seatter,dseatter5@soundcloud.com,Female
7,Jolynn,Paice,jpaice6@lycos.com,Female
8,Marleen,Gidden,mgidden7@is.gd,Female
9,Louis,Goodbar,lgoodbar8@eepurl.com,Male
10,Gerrie,Hyndes,ghyndes9@rakuten.co.jp,Female
11,Fraser,Tuffin,ftuffina@technorati.com,Male
12,Neall,Foggo,nfoggob@acquirethisname.com,Male
13,Tamiko,Ardy,tardyc@statcounter.com,Female
14,Hamel,Jeakins,hjeakinsd@php.net,Male
15,Brew,Galliford,bgalliforde@psu.edu,Male
16,Federica,Esland,feslandf@pagesperso-orange.fr,Female
17,Annalee,Kas,akasg@google.com.hk,Female
18,Vachel,Kalf,vkalfh@hatena.ne.jp,Male
19,Corrie,Linforth,clinforthi@goo.ne.jp,Female
20,Hakeem,Arnson,harnsonj@craigslist.org,Male
21,Sherill,Hallibone,shallibonek@vinaora.com,Female
22,Kin,Limbert,klimbertl@acquirethisname.com,Male
23,Tobiah,Cheers,tcheersm@photobucket.com,Male
24,Wit,Spyer,wspyern@privacy.gov.au,Male
25,Sol,Ruoff,sruoffo@nsw.gov.au,Male
26,Clarette,McIlriach,cmcilriachp@unesco.org,Female
27,Ev,Staniford,estanifordq@com.com,Male
28,Loella,O'Hagan,lohaganr@wisc.edu,Female
29,Lynde,Ongin,longins@miitbeian.gov.cn,Female
30,Britta,Papen,bpapent@trellian.com,Female
31,Con,Pfiffer,cpfifferu@princeton.edu,Male
32,Denny,Doolan,ddoolanv@typepad.com,Female
33,Elwood,Schmuhl,eschmuhlw@nhs.uk,Male
34,Corbet,Peake,cpeakex@unicef.org,Male
35,Valera,Edgworth,vedgworthy@marriott.com,Female
36,Corbie,Giovannetti,cgiovannettiz@51.la,Male
37,Hayyim,Wooles,hwooles10@bbc.co.uk,Male
38,Peg,Skeemer,pskeemer11@oaic.gov.au,Female
39,Janenna,Winchurst,jwinchurst12@webs.com,Female
40,Farlee,Revan,frevan13@bluehost.com,Male
41,Guenna,Thacker,gthacker14@artisteer.com,Female
42,Carly,de Juares,cdejuares15@reference.com,Male
43,Kory,Meddows,kmeddows16@vkontakte.ru,Male
44,Kari,Phear,kphear17@admin.ch,Female
45,Aube,Brighty,abrighty18@constantcontact.com,Male
46,Clerkclaude,Gouldbourn,cgouldbourn19@sourceforge.net,Male
47,Wendeline,Braam,wbraam1a@sfgate.com,Female
48,Chrissie,Heugel,cheugel1b@xinhuanet.com,Male
49,Deb,Goshawk,dgoshawk1c@harvard.edu,Female
50,Damiano,Franek,dfranek1d@elpais.com,Male
51,Barde,Alyukin,balyukin1e@fotki.com,Male
52,D'arcy,Beckerleg,dbeckerleg1f@diigo.com,Male
53,Johnette,Houson,jhouson1g@narod.ru,Female
54,Marcy,L'Archer,mlarcher1h@qq.com,Female
55,Huntley,Bassilashvili,hbassilashvili1i@tumblr.com,Male
56,Harlin,Ashbolt,hashbolt1j@cornell.edu,Male
57,Paddy,Gitting,pgitting1k@amazon.co.jp,Male
58,Whitney,Wakeman,wwakeman1l@xinhuanet.com,Female
59,Caryl,Van Leeuwen,cvanleeuwen1m@addthis.com,Female
60,Leandra,Seleway,lseleway1n@virginia.edu,Female
61,Trixie,Arnull,tarnull1o@1und1.de,Female
62,Kath,Bartoleyn,kbartoleyn1p@un.org,Female
63,Arch,Lackmann,alackmann1q@fastcompany.com,Male
64,Matty,Spurling,mspurling1r@hao123.com,Male
65,Sydelle,Buntine,sbuntine1s@pagesperso-orange.fr,Female
66,Timotheus,Lune,tlune1t@engadget.com,Male
67,Maddi,Rheam,mrheam1u@weather.com,Female
68,Marcela,Silby,msilby1v@cmu.edu,Female
69,Benedikt,Reading,breading1w@dmoz.org,Male
70,Bernard,Elwill,belwill1x@reddit.com,Male
71,Karin,Cayser,kcayser1y@cmu.edu,Female
72,Carrol,Yard,cyard1z@sina.com.cn,Male
73,Glen,Dooney,gdooney20@gizmodo.com,Female
74,Felice,Yockley,fyockley21@washington.edu,Male
75,Worth,Dielhenn,wdielhenn22@woothemes.com,Male
76,Camel,Tolworthie,ctolworthie23@google.nl,Female
77,Atlante,Osinin,aosinin24@un.org,Female
78,Vernor,Friar,vfriar25@ftc.gov,Male
79,Cleavland,Bundy,cbundy26@netscape.com,Male
80,Wilhelmine,Dyer,wdyer27@blog.com,Female
81,Elvina,Hookes,ehookes28@apple.com,Female
82,Melisse,Syson,msyson29@oracle.com,Female
83,Malissa,McIlvaney,mmcilvaney2a@abc.net.au,Female
84,Averil,Weatherhill,aweatherhill2b@home.pl,Male
85,Neel,McDonald,nmcdonald2c@friendfeed.com,Male
86,Chicky,Ksandra,cksandra2d@wikispaces.com,Female
87,Leia,Sterman,lsterman2e@imageshack.us,Female
88,Bertine,Meiklejohn,bmeiklejohn2f@amazon.com,Female
89,Cirilo,Whelan,cwhelan2g@e-recht24.de,Male
90,Gunter,Ucchino,gucchino2h@indiatimes.com,Male
91,Goran,Shotboult,gshotboult2i@timesonline.co.uk,Male
92,Horatio,Facchini,hfacchini2j@macromedia.com,Male
93,Alexandros,Lilleman,alilleman2k@homestead.com,Male
94,Arabela,Redhills,aredhills2l@kickstarter.com,Female
95,Sophie,Loxley,sloxley2m@cpanel.net,Female
96,Derry,Klaiser,dklaiser2n@wikimedia.org,Male
97,Ron,Klimochkin,rklimochkin2o@columbia.edu,Male
98,Baxie,Kilford,bkilford2p@smugmug.com,Male
99,Melina,Peffer,mpeffer2q@adobe.com,Female
100,Elna,Blackmore,eblackmore2r@booking.com,Female
101,Lyle,Brunt,lbrunt2s@amazon.de,Male
102,Rip,Heigold,rheigold2t@wix.com,Male
103,Nerty,Matessian,nmatessian2u@upenn.edu,Female
104,Catharine,O'Mannion,comannion2v@canalblog.com,Female
105,Jillene,Vivash,jvivash2w@odnoklassniki.ru,Female
106,Mayer,Schinetti,mschinetti2x@hud.gov,Male
107,Welbie,Bautiste,wbautiste2y@google.fr,Male
108,Sigvard,Barltrop,sbarltrop2z@alibaba.com,Male
109,Augie,Spearman,aspearman30@dmoz.org,Male
110,Cad,Hunting,chunting31@smh.com.au,Male
111,Torey,Stanluck,tstanluck32@imageshack.us,Male
112,Cherish,Foran,cforan33@51.la,Female
113,Ivonne,Coulson,icoulson34@amazonaws.com,Female
114,Athena,Turfes,aturfes35@linkedin.com,Female
115,Florenza,Lilleyman,flilleyman36@bloglines.com,Female
116,Emilio,Koles,ekoles37@shop-pro.jp,Male
117,Nataline,Bonifacio,nbonifacio38@meetup.com,Female
118,Jacki,Cromie,jcromie39@bbc.co.uk,Female
119,Cyndia,Wrench,cwrench3a@wired.com,Female
120,Cacilie,MacPadene,cmacpadene3b@about.me,Female
121,Park,Greguol,pgreguol3c@networkadvertising.org,Male
122,Kippar,Footer,kfooter3d@reference.com,Male
123,Lucienne,Schultz,lschultz3e@vkontakte.ru,Female
124,Giles,Foale,gfoale3f@hostgator.com,Male
125,Jarrod,Egginton,jegginton3g@google.ru,Male
126,Diana,Saile,dsaile3h@disqus.com,Female
127,Kamilah,Gemelli,kgemelli3i@mashable.com,Female
128,Cull,Cottie,ccottie3j@dailymail.co.uk,Male
129,Kara,Eagle,keagle3k@archive.org,Female
130,Aloin,Witcombe,awitcombe3l@fc2.com,Male
131,Rafaello,Studdal,rstuddal3m@de.vu,Male
132,Moses,Pendrick,mpendrick3n@wunderground.com,Male
133,Jedd,Awty,jawty3o@merriam-webster.com,Male
134,Doris,Alexsandrev,dalexsandrev3p@wired.com,Female
135,Dena,Dungay,ddungay3q@jigsy.com,Female
136,Aurthur,McKinna,amckinna3r@t-online.de,Male
137,Jemie,Eustace,jeustace3s@howstuffworks.com,Female
138,Thorin,Milner,tmilner3t@hostgator.com,Male
139,Dean,Shovlin,dshovlin3u@scientificamerican.com,Male
140,Gael,Bodycomb,gbodycomb3v@about.me,Male
141,Zea,Barnbrook,zbarnbrook3w@arizona.edu,Female
142,Hinze,Bowdidge,hbowdidge3x@sitemeter.com,Male
143,Kasper,Prium,kprium3y@webmd.com,Male
144,Pascale,Whellams,pwhellams3z@fc2.com,Male
145,Reine,Caldairou,rcaldairou40@google.it,Female
146,Berky,Keasley,bkeasley41@jugem.jp,Male
147,Noella,Albone,nalbone42@github.io,Female
148,Kennedy,Ramas,kramas43@naver.com,Male
149,Page,Petrov,ppetrov44@360.cn,Male
150,Othilia,Kenway,okenway45@so-net.ne.jp,Female
151,Bunny,Laste,blaste46@delicious.com,Female
152,Faustine,Toulmin,ftoulmin47@ifeng.com,Female
153,Tris,Faragan,tfaragan48@buzzfeed.com,Male
154,Melisent,Mitro,mmitro49@simplemachines.org,Female
155,Dosi,Still,dstill4a@instagram.com,Female
156,Wolfgang,Moatt,wmoatt4b@goodreads.com,Male
157,Skippie,MacCarter,smaccarter4c@yelp.com,Male
158,Hogan,Hamner,hhamner4d@walmart.com,Male
159,Clarabelle,Van der Baaren,cvanderbaaren4e@dropbox.com,Female
160,Clay,Lloyd-Williams,clloydwilliams4f@google.pl,Male
161,Timothea,McCrudden,tmccrudden4g@feedburner.com,Female
162,Rhodie,Becket,rbecket4h@sourceforge.net,Female
163,Hermina,Lightowlers,hlightowlers4i@constantcontact.com,Female
164,Clarke,Siggers,csiggers4j@oakley.com,Male
165,Audre,Lefridge,alefridge4k@biglobe.ne.jp,Female
166,Lynea,Quadling,lquadling4l@biblegateway.com,Female
167,Tim,Kilbride,tkilbride4m@edublogs.org,Male
168,Loella,Underhill,lunderhill4n@nsw.gov.au,Female
169,Kylie,Hampshaw,khampshaw4o@va.gov,Male
170,Ariella,McTerlagh,amcterlagh4p@hexun.com,Female
171,Millie,D'Ambrogio,mdambrogio4q@utexas.edu,Female
172,Salomo,Balog,sbalog4r@amazon.de,Male
173,Briggs,Fuente,bfuente4s@statcounter.com,Male
174,Mychal,MacSporran,mmacsporran4t@privacy.gov.au,Male
175,Melvin,Salling,msalling4u@google.ru,Male
176,Dinny,Albion,dalbion4v@google.com.au,Female
177,Tessa,Timlett,ttimlett4w@guardian.co.uk,Female
178,Sue,Reddle,sreddle4x@wix.com,Female
179,Phillie,Solomon,psolomon4y@nature.com,Female
180,Jana,Southgate,jsouthgate4z@guardian.co.uk,Female
181,Shannen,Stonuary,sstonuary50@facebook.com,Female
182,Hedda,Konertz,hkonertz51@nature.com,Female
183,Kyrstin,Diver,kdiver52@xrea.com,Female
184,Erroll,Hamp,ehamp53@phoca.cz,Male
185,Lorri,Lankford,llankford54@mtv.com,Female
186,Luke,Maneylaws,lmaneylaws55@prlog.org,Male
187,Saloma,Bulleyn,sbulleyn56@hexun.com,Female
188,Cassius,Soame,csoame57@goodreads.com,Male
189,Rudie,Grayston,rgrayston58@drupal.org,Male
190,Ingelbert,Matskevich,imatskevich59@scientificamerican.com,Male
191,Milli,Duro,mduro5a@digg.com,Female
192,Clyde,Kleinsinger,ckleinsinger5b@livejournal.com,Male
193,Maggee,Gethins,mgethins5c@blinklist.com,Female
194,Isabelle,Paice,ipaice5d@xrea.com,Female
195,Billy,Brunstan,bbrunstan5e@businessweek.com,Male
196,Catarina,Bryer,cbryer5f@unicef.org,Female
197,Sharia,Dopson,sdopson5g@flickr.com,Female
198,Germayne,Hinkins,ghinkins5h@ycombinator.com,Male
199,Audie,Pagel,apagel5i@xrea.com,Female
200,Ed,Toffaloni,etoffaloni5j@dailymail.co.uk,Male
201,Hayes,MacGauhy,hmacgauhy5k@redcross.org,Male
202,Diego,Tipling,dtipling5l@senate.gov,Male
203,Odie,Searchfield,osearchfield5m@sogou.com,Male
204,Iolande,Tincombe,itincombe5n@marriott.com,Female
205,Roxy,Buckerfield,rbuckerfield5o@delicious.com,Female
206,Agatha,Webb,awebb5p@theglobeandmail.com,Female
207,Michel,Gummow,mgummow5q@posterous.com,Male
208,Carolann,Bisp,cbisp5r@dagondesign.com,Female
209,Wilden,Caisley,wcaisley5s@businessinsider.com,Male
210,Beryl,Saban,bsaban5t@google.ru,Female
211,Winnie,Bruins,wbruins5u@wiley.com,Male
212,Olly,Rannigan,orannigan5v@state.tx.us,Male
213,Johnathan,Birkett,jbirkett5w@pagesperso-orange.fr,Male
214,Ulrika,Hansod,uhansod5x@ucsd.edu,Female
215,Richart,Setterfield,rsetterfield5y@xinhuanet.com,Male
216,Shell,Meriot,smeriot5z@netscape.com,Female
217,Helyn,Peel,hpeel60@biblegateway.com,Female
218,Gannon,Murrow,gmurrow61@washington.edu,Male
219,Neddy,Nevins,nnevins62@epa.gov,Male
220,Elyse,Danilin,edanilin63@trellian.com,Female
221,Cammy,Wicher,cwicher64@vkontakte.ru,Female
222,Lek,Yashaev,lyashaev65@purevolume.com,Male
223,Livvy,Hullins,lhullins66@youku.com,Female
224,Lion,Toohey,ltoohey67@archive.org,Male
225,Hally,Balffye,hbalffye68@squarespace.com,Female
226,Zaneta,Ollett,zollett69@abc.net.au,Female
227,Carlin,Dodsworth,cdodsworth6a@state.gov,Male
228,Haywood,Matelaitis,hmatelaitis6b@loc.gov,Male
229,Hurley,Heys,hheys6c@parallels.com,Male
230,Valeria,Maykin,vmaykin6d@netlog.com,Female
231,Herschel,Kibel,hkibel6e@netscape.com,Male
232,Fran,Gowers,fgowers6f@stumbleupon.com,Female
233,Petronella,Lieber,plieber6g@businessweek.com,Female
234,Cob,Stubbington,cstubbington6h@newsvine.com,Male
235,Paco,Guess,pguess6i@blog.com,Male
236,Rafaelita,Pring,rpring6j@odnoklassniki.ru,Female
237,Agata,Andraud,aandraud6k@constantcontact.com,Female
238,Giff,Ace,gace6l@opensource.org,Male
239,Vivi,Polendine,vpolendine6m@hud.gov,Female
240,Bale,Frodsam,bfrodsam6n@yolasite.com,Male
241,Vita,Smout,vsmout6o@jiathis.com,Female
242,Doretta,Woodyatt,dwoodyatt6p@tinypic.com,Female
243,Kipp,Rollett,krollett6q@wp.com,Male
244,Chloette,Sarginson,csarginson6r@ihg.com,Female
245,Konstance,Wrightem,kwrightem6s@independent.co.uk,Female
246,Lazar,Sleightholm,lsleightholm6t@rakuten.co.jp,Male
247,Annetta,Dommersen,adommersen6u@zimbio.com,Female
248,Amanda,L'Episcopi,alepiscopi6v@umich.edu,Female
249,Gael,Cusack,gcusack6w@cnbc.com,Male
250,Lari,Redbourn,lredbourn6x@flickr.com,Female
251,Lorry,Abelovitz,labelovitz6y@nba.com,Male
252,Linnet,Saby,lsaby6z@paypal.com,Female
253,Ingaborg,Pol,ipol70@imgur.com,Female
254,Fields,Settle,fsettle71@techcrunch.com,Male
255,Kipper,Gilbride,kgilbride72@barnesandnoble.com,Male
256,Demott,Saylor,dsaylor73@exblog.jp,Male
257,Birgit,Friedank,bfriedank74@naver.com,Female
258,Cullen,Ryder,cryder75@php.net,Male
259,Kenn,Schule,kschule76@ft.com,Male
260,Marsha,Brokenshire,mbrokenshire77@webs.com,Female
261,Marleen,Kaveney,mkaveney78@unesco.org,Female
262,Tricia,Sparke,tsparke79@e-recht24.de,Female
263,Don,Crinkley,dcrinkley7a@dedecms.com,Male
264,Fidel,Northgraves,fnorthgraves7b@howstuffworks.com,Male
265,Erwin,Mityushkin,emityushkin7c@state.gov,Male
266,Julee,Ocheltree,jocheltree7d@fema.gov,Female
267,Arabele,Pinnegar,apinnegar7e@printfriendly.com,Female
268,Nicol,Sugar,nsugar7f@acquirethisname.com,Female
269,Farrah,Oakenford,foakenford7g@army.mil,Female
270,Cassie,Borzoni,cborzoni7h@oaic.gov.au,Male
271,Cirstoforo,Greves,cgreves7i@youku.com,Male
272,Lucian,Tatters,ltatters7j@acquirethisname.com,Male
273,Dov,Harsant,dharsant7k@sina.com.cn,Male
274,Christoforo,Howman,chowman7l@latimes.com,Male
275,Jesus,Rahill,jrahill7m@japanpost.jp,Male
276,Galvin,Lace,glace7n@constantcontact.com,Male
277,Corrie,Shuttlewood,cshuttlewood7o@blogtalkradio.com,Male
278,Elinor,Glasman,eglasman7p@psu.edu,Female
279,Gennifer,Sisley,gsisley7q@over-blog.com,Female
280,Toddy,Twiggins,ttwiggins7r@intel.com,Male
281,Flossie,Keywood,fkeywood7s@cbslocal.com,Female
282,Fredericka,Filchagin,ffilchagin7t@paginegialle.it,Female
283,Antin,Rosedale,arosedale7u@boston.com,Male
284,Celle,Comelini,ccomelini7v@unc.edu,Female
285,Therese,Perago,tperago7w@prlog.org,Female
286,Jori,Mangon,jmangon7x@ft.com,Female
287,Haskell,Bonevant,hbonevant7y@rakuten.co.jp,Male
288,Sisely,Conant,sconant7z@hhs.gov,Female
289,Flor,Dabling,fdabling80@si.edu,Female
290,Phebe,Cowley,pcowley81@free.fr,Female
291,Beverie,Falconer-Taylor,bfalconertaylor82@edublogs.org,Female
292,Nickie,Newbury,nnewbury83@imgur.com,Female
293,Illa,Balnaves,ibalnaves84@nyu.edu,Female
294,Isadore,Stanlick,istanlick85@nsw.gov.au,Male
295,Jaquenetta,Stilldale,jstilldale86@washingtonpost.com,Female
296,Jacenta,Behling,jbehling87@examiner.com,Female
297,Catherina,O'Corrane,cocorrane88@mayoclinic.com,Female
298,Jordan,Espinosa,jespinosa89@purevolume.com,Male
299,Lucius,Savil,lsavil8a@businessweek.com,Male
300,Stefa,Chamberlain,schamberlain8b@creativecommons.org,Female
301,Benyamin,MacGilpatrick,bmacgilpatrick8c@dropbox.com,Male
302,Juli,Jankovic,jjankovic8d@ocn.ne.jp,Female
303,Michell,Weakley,mweakley8e@msn.com,Female
304,Francine,Everett,feverett8f@bloglines.com,Female
305,Quintin,Krikorian,qkrikorian8g@oakley.com,Male
306,Barney,Wingeat,bwingeat8h@nps.gov,Male
307,Kaja,Fisbey,kfisbey8i@gravatar.com,Female
308,Minor,Lipprose,mlipprose8j@nih.gov,Male
309,Cassandra,Verheyden,cverheyden8k@amazon.de,Female
310,Berkeley,Pitkins,bpitkins8l@google.ca,Male
311,Dean,Sword,dsword8m@sfgate.com,Male
312,Sayer,Frantzen,sfrantzen8n@printfriendly.com,Male
313,Ezequiel,Grut,egrut8o@discovery.com,Male
314,Kenna,Farreil,kfarreil8p@huffingtonpost.com,Female
315,Francois,Jacombs,fjacombs8q@delicious.com,Male
316,Rivkah,Genese,rgenese8r@ycombinator.com,Female
317,William,Niece,wniece8s@domainmarket.com,Male
318,Randal,Bloy,rbloy8t@weather.com,Male
319,Reggi,Vigus,rvigus8u@toplist.cz,Female
320,Allis,Pughsley,apughsley8v@nyu.edu,Female
321,Cynthy,Quilliam,cquilliam8w@answers.com,Female
322,Benjie,Westover,bwestover8x@purevolume.com,Male
323,Albertine,Dutteridge,adutteridge8y@japanpost.jp,Female
324,Annabelle,Barhims,abarhims8z@un.org,Female
325,Claire,Blackney,cblackney90@dmoz.org,Male
326,Karlen,Castillou,kcastillou91@clickbank.net,Female
327,Renee,Lardeux,rlardeux92@tiny.cc,Female
328,Isaak,Chasle,ichasle93@behance.net,Male
329,Tan,MacCaffrey,tmaccaffrey94@theguardian.com,Male
330,Dorey,Fritchley,dfritchley95@mail.ru,Female
331,Shaughn,Wardell,swardell96@smugmug.com,Male
332,Peyton,McCullock,pmccullock97@myspace.com,Male
333,Peri,Ison,pison98@prlog.org,Female
334,Sherlock,Lisamore,slisamore99@samsung.com,Male
335,Nanette,Callaghan,ncallaghan9a@dyndns.org,Female
336,Mead,Gajownik,mgajownik9b@google.co.jp,Male
337,Netti,Ashmole,nashmole9c@bloomberg.com,Female
338,Siouxie,Paradyce,sparadyce9d@instagram.com,Female
339,Fran,Eary,feary9e@sciencedirect.com,Female
340,Rodolph,Pearce,rpearce9f@bloglovin.com,Male
341,Cullan,St. Pierre,cstpierre9g@marriott.com,Male
342,Theadora,Aynscombe,taynscombe9h@plala.or.jp,Female
343,Dido,Capewell,dcapewell9i@thetimes.co.uk,Female
344,Gilberta,D'Hooghe,gdhooghe9j@thetimes.co.uk,Female
345,Kerr,Gerriessen,kgerriessen9k@telegraph.co.uk,Male
346,Alaster,Smitheman,asmitheman9l@joomla.org,Male
347,Freda,Ruppele,fruppele9m@soup.io,Female
348,Melesa,Wride,mwride9n@plala.or.jp,Female
349,Freeland,Eveque,feveque9o@arizona.edu,Male
350,Adelaide,Kemson,akemson9p@twitter.com,Female
351,De witt,Rigts,drigts9q@zimbio.com,Male
352,Tuck,Haggart,thaggart9r@usgs.gov,Male
353,Stu,Coney,sconey9s@ocn.ne.jp,Male
354,Alaster,Dance,adance9t@photobucket.com,Male
355,Kendal,Cicero,kcicero9u@state.tx.us,Male
356,Flory,Harry,fharry9v@cloudflare.com,Female
357,Winnie,Oliver-Paull,woliverpaull9w@ycombinator.com,Female
358,Griselda,Syfax,gsyfax9x@thetimes.co.uk,Female
359,Vale,Barthel,vbarthel9y@webeden.co.uk,Male
360,Guinevere,Bennison,gbennison9z@lulu.com,Female
361,Ami,Signoret,asignoreta0@bizjournals.com,Female
362,Veronika,Garstang,vgarstanga1@google.de,Female
363,Eimile,Willmott,ewillmotta2@ycombinator.com,Female
364,Ellette,Flacke,eflackea3@prnewswire.com,Female
365,Blanch,Budget,bbudgeta4@ftc.gov,Female
366,Preston,Pisculli,ppiscullia5@howstuffworks.com,Male
367,Flore,Brittian,fbrittiana6@icio.us,Female
368,Burr,Tommei,btommeia7@com.com,Male
369,Judie,Beacroft,jbeacrofta8@webmd.com,Female
370,Adan,Buist,abuista9@360.cn,Male
371,Kent,Sparshutt,ksparshuttaa@fda.gov,Male
372,Lindsey,Effemy,leffemyab@paginegialle.it,Female
373,Jedediah,Glasby,jglasbyac@mapquest.com,Male
374,Joye,Chasney,jchasneyad@nasa.gov,Female
375,Coralie,Fitzsymonds,cfitzsymondsae@si.edu,Female
376,Byrle,Eaves,beavesaf@oakley.com,Male
377,Job,Halso,jhalsoag@ed.gov,Male
378,Carmela,Billo,cbilloah@timesonline.co.uk,Female
379,Huberto,Ber,hberai@buzzfeed.com,Male
380,Maisie,Cartan,mcartanaj@sourceforge.net,Female
381,Tabbatha,Haggidon,thaggidonak@cloudflare.com,Female
382,Florri,Glasner,fglasneral@woothemes.com,Female
383,Eliza,Fronzek,efronzekam@paginegialle.it,Female
384,Alvy,Relf,arelfan@bizjournals.com,Male
385,Isidor,Doole,idooleao@earthlink.net,Male
386,Cathryn,Kitt,ckittap@sogou.com,Female
387,Alleyn,Dring,adringaq@mapy.cz,Male
388,Charmine,Kingsnorth,ckingsnorthar@xinhuanet.com,Female
389,Lois,Manuel,lmanuelas@domainmarket.com,Female
390,Kelcie,Pierri,kpierriat@hud.gov,Female
391,Gallagher,Rapin,grapinau@goodreads.com,Male
392,Olav,Bertholin,obertholinav@globo.com,Male
393,Cassi,McCrone,cmccroneaw@constantcontact.com,Female
394,Meredithe,Darlington,mdarlingtonax@pcworld.com,Female
395,Milo,Milmoe,mmilmoeay@cam.ac.uk,Male
396,Fayre,Rashleigh,frashleighaz@nasa.gov,Female
397,Bronnie,Aizikovich,baizikovichb0@google.nl,Male
398,Kaspar,Urwin,kurwinb1@sphinn.com,Male
399,Goldarina,Pindred,gpindredb2@opensource.org,Female
400,Johnath,Artist,jartistb3@themeforest.net,Female
401,Darrin,Fathers,dfathersb4@europa.eu,Male
402,Thurstan,Fagg,tfaggb5@wikimedia.org,Male
403,Rahel,Joselson,rjoselsonb6@cmu.edu,Female
404,Shel,Tasseler,stasselerb7@histats.com,Female
405,Tersina,Paslow,tpaslowb8@yahoo.co.jp,Female
406,Doralyn,Piel,dpielb9@reference.com,Female
407,Wallache,Chart,wchartba@berkeley.edu,Male
408,Iggy,Branigan,ibraniganbb@ycombinator.com,Male
409,Anabel,Inworth,ainworthbc@state.gov,Female
410,Nelson,Guiden,nguidenbd@fema.gov,Male
411,Justin,Shera,jsherabe@webmd.com,Male
412,Sloane,Ellington,sellingtonbf@php.net,Male
413,Maurie,Greedier,mgreedierbg@msn.com,Male
414,Edvard,Please,epleasebh@census.gov,Male
415,Claudianus,Temple,ctemplebi@yandex.ru,Male
416,Danielle,Ladley,dladleybj@auda.org.au,Female
417,Pavel,Beningfield,pbeningfieldbk@phpbb.com,Male
418,Nichols,Dearl,ndearlbl@spiegel.de,Male
419,Orly,Yanez,oyanezbm@wired.com,Female
420,Marnie,Dowdney,mdowdneybn@google.cn,Female
421,Lynnea,Laban,llabanbo@ehow.com,Female
422,Marja,Derry,mderrybp@networksolutions.com,Female
423,Garrick,Michelmore,gmichelmorebq@spotify.com,Male
424,Kevyn,Norridge,knorridgebr@java.com,Female
425,Ursuline,Hallawell,uhallawellbs@sciencedaily.com,Female
426,Mureil,Gullick,mgullickbt@bigcartel.com,Female
427,Alessandra,Brome,abromebu@gizmodo.com,Female
428,Teresina,Bishell,tbishellbv@etsy.com,Female
429,Gerianne,Hassell,ghassellbw@qq.com,Female
430,Adelice,Girardot,agirardotbx@epa.gov,Female
431,Vlad,Reddington,vreddingtonby@newyorker.com,Male
432,Kippie,Mouatt,kmouattbz@altervista.org,Male
433,Burnaby,Ware,bwarec0@gizmodo.com,Male
434,Malina,Tosdevin,mtosdevinc1@odnoklassniki.ru,Female
435,Lorne,Plaster,lplasterc2@oracle.com,Male
436,Reta,Eates,reatesc3@hostgator.com,Female
437,Tadeo,Brumble,tbrumblec4@jugem.jp,Male
438,Suzi,Stratford,sstratfordc5@issuu.com,Female
439,Ynez,Schlag,yschlagc6@sina.com.cn,Female
440,Adam,Putt,aputtc7@netscape.com,Male
441,Jackelyn,Bruineman,jbruinemanc8@guardian.co.uk,Female
442,Neddy,Dymocke,ndymockec9@bing.com,Male
443,Freddy,Robertacci,frobertaccica@boston.com,Female
444,Keven,Beevis,kbeeviscb@businesswire.com,Male
445,Conrado,Clampett,cclampettcc@intel.com,Male
446,Shalne,Teers,steerscd@jalbum.net,Female
447,Spense,Collough,scolloughce@deviantart.com,Male
448,Devin,Bosdet,dbosdetcf@aboutads.info,Male
449,Goldina,Harhoff,gharhoffcg@theatlantic.com,Female
450,Reina,Fiddian,rfiddianch@is.gd,Female
451,Bartlet,Bacon,bbaconci@bloglines.com,Male
452,Sayre,Rubrow,srubrowcj@google.cn,Female
453,Tish,Shavel,tshavelck@sciencedaily.com,Female
454,Webster,Beards,wbeardscl@plala.or.jp,Male
455,Delphinia,Liversage,dliversagecm@bbb.org,Female
456,Onofredo,McGrae,omcgraecn@bloomberg.com,Male
457,Darwin,Serridge,dserridgeco@google.nl,Male
458,Joelie,Spir,jspircp@4shared.com,Female
459,Rickey,Godden,rgoddencq@weibo.com,Male
460,Nickey,Mullins,nmullinscr@yellowpages.com,Male
461,Juliana,Duding,jdudingcs@discuz.net,Female
462,Tristan,Stoffler,tstofflerct@smugmug.com,Male
463,Mayer,Planke,mplankecu@parallels.com,Male
464,Hamil,Kliemke,hkliemkecv@de.vu,Male
465,Clifford,Ronisch,cronischcw@photobucket.com,Male
466,Janaye,Hempshall,jhempshallcx@netscape.com,Female
467,Aleen,Challiner,achallinercy@123-reg.co.uk,Female
468,Jasmin,McCathie,jmccathiecz@comcast.net,Female
469,Nonah,Crother,ncrotherd0@amazon.de,Female
470,Billi,Botting,bbottingd1@salon.com,Female
471,Garwood,Gurry,ggurryd2@ifeng.com,Male
472,Berkeley,Nathan,bnathand3@wikispaces.com,Male
473,Townsend,Dumphrey,tdumphreyd4@upenn.edu,Male
474,Koren,Howlings,khowlingsd5@discovery.com,Female
475,Darn,Kenshole,dkensholed6@amazon.co.jp,Male
476,Darn,Livingston,dlivingstond7@indiatimes.com,Male
477,Germaine,Banford,gbanfordd8@hud.gov,Male
478,Chickie,O'Hannigan,cohannigand9@yellowpages.com,Male
479,Manolo,Rainy,mrainyda@prlog.org,Male
480,Marshall,Medmore,mmedmoredb@thetimes.co.uk,Male
481,Reese,Harral,rharraldc@dropbox.com,Male
482,Salome,Vignal,svignaldd@github.io,Female
483,Jemie,MacCart,jmaccartde@ezinearticles.com,Female
484,Andriette,Bucklan,abucklandf@ed.gov,Female
485,Jodi,Roast,jroastdg@columbia.edu,Female
486,Eryn,Adame,eadamedh@latimes.com,Female
487,Skelly,Benterman,sbentermandi@histats.com,Male
488,Elianora,McMakin,emcmakindj@nationalgeographic.com,Female
489,Jdavie,Copley,jcopleydk@printfriendly.com,Male
490,Edmund,Fransemai,efransemaidl@imdb.com,Male
491,Yorgo,Taks,ytaksdm@mac.com,Male
492,Ali,Littlefair,alittlefairdn@hatena.ne.jp,Female
493,Renee,Smidmoor,rsmidmoordo@slideshare.net,Female
494,Gigi,Kitson,gkitsondp@51.la,Female
495,Standford,Beaushaw,sbeaushawdq@redcross.org,Male
496,Rhonda,Hatterslay,rhatterslaydr@opensource.org,Female
497,Lorinda,Duker,ldukerds@wordpress.com,Female
498,Ginny,Vasenkov,gvasenkovdt@google.nl,Female
499,Walker,Rowson,wrowsondu@intel.com,Male
500,Georges,Fihelly,gfihellydv@slate.com,Male
501,Carrissa,Pettipher,cpettipherdw@google.co.uk,Female
502,Marcia,Ojeda,mojedadx@twitpic.com,Female
503,Gardie,Hammerson,ghammersondy@mediafire.com,Male
504,Rufus,Agglio,raggliodz@csmonitor.com,Male
505,Isadora,Garlinge,igarlingee0@dailymail.co.uk,Female
506,Meggi,Fruser,mfrusere1@about.me,Female
507,Hank,Parrott,hparrotte2@tripod.com,Male
508,Shell,Chinery,schinerye3@i2i.jp,Male
509,Wendi,Crus,wcruse4@wp.com,Female
510,Jerrilee,Petett,jpetette5@princeton.edu,Female
511,Kamillah,Mordey,kmordeye6@auda.org.au,Female
512,Ase,Gostall,agostalle7@slashdot.org,Male
513,Alphonso,Mangeon,amangeone8@ucoz.com,Male
514,Neile,Shearwood,nshearwoode9@dailymotion.com,Female
515,Lettie,Haimes,lhaimesea@histats.com,Female
516,Loutitia,Folkard,lfolkardeb@amazon.co.jp,Female
517,Beniamino,MacCart,bmaccartec@hao123.com,Male
518,Devon,Matzeitis,dmatzeitised@dailymotion.com,Female
519,Maynord,Mutch,mmutchee@unc.edu,Male
520,Bronson,Vahl,bvahlef@ucsd.edu,Male
521,Jamey,Yeaman,jyeamaneg@ifeng.com,Male
522,Robers,Sproule,rsprouleeh@bloglines.com,Male
523,Philip,Forbear,pforbearei@furl.net,Male
524,Daffi,Pemble,dpembleej@usgs.gov,Female
525,Lovell,Mordy,lmordyek@washingtonpost.com,Male
526,Geneva,Jull,gjullel@ebay.com,Female
527,Theresa,Soloway,tsolowayem@twitter.com,Female
528,Dexter,Tatters,dtattersen@nbcnews.com,Male
529,Briant,Piell,bpielleo@elegantthemes.com,Male
530,Viola,Sholl,vshollep@desdev.cn,Female
531,Judye,Tofts,jtoftseq@wikispaces.com,Female
532,Betsy,Pawelec,bpawelecer@123-reg.co.uk,Female
533,Constance,Triner,ctrineres@sciencedirect.com,Female
534,Wilfred,Lescop,wlescopet@opera.com,Male
535,Persis,Limb,plimbeu@ifeng.com,Female
536,Bendite,Duddell,bduddellev@devhub.com,Female
537,Rosmunda,Jerratsch,rjerratschew@census.gov,Female
538,Benito,Frankiss,bfrankissex@xing.com,Male
539,Artie,Dumigan,adumiganey@oaic.gov.au,Male
540,Freda,Birney,fbirneyez@last.fm,Female
541,Emmeline,Gabe,egabef0@hatena.ne.jp,Female
542,Claresta,Attwoul,cattwoulf1@slideshare.net,Female
543,Maxine,MacNucator,mmacnucatorf2@sakura.ne.jp,Female
544,Tremain,Davidove,tdavidovef3@china.com.cn,Male
545,Norbert,Rosengarten,nrosengartenf4@microsoft.com,Male
546,Lammond,Kitter,lkitterf5@washingtonpost.com,Male
547,Gordie,Perring,gperringf6@nationalgeographic.com,Male
548,Maye,Nanetti,mnanettif7@linkedin.com,Female
549,Rachel,Fleeming,rfleemingf8@yale.edu,Female
550,Daveta,Flatley,dflatleyf9@slideshare.net,Female
551,Karee,Bartram,kbartramfa@disqus.com,Female
552,Harmon,Girodier,hgirodierfb@google.com,Male
553,Ulrika,Dunbavin,udunbavinfc@nature.com,Female
554,Merrilee,Greenset,mgreensetfd@ameblo.jp,Female
555,Eberto,Craker,ecrakerfe@timesonline.co.uk,Male
556,Mendy,Paik,mpaikff@engadget.com,Male
557,Palm,Sked,pskedfg@163.com,Male
558,Obidiah,Favell,ofavellfh@prweb.com,Male
559,Morlee,Epilet,mepiletfi@loc.gov,Male
560,Cornie,Mephan,cmephanfj@amazon.com,Male
561,Maribelle,Greening,mgreeningfk@ibm.com,Female
562,Carmine,Macura,cmacurafl@quantcast.com,Male
563,Colby,Kirsop,ckirsopfm@wisc.edu,Male
564,Rozanne,Nel,rnelfn@cnn.com,Female
565,Kaitlin,Avis,kavisfo@freewebs.com,Female
566,Scott,Pragnall,spragnallfp@netlog.com,Male
567,Jana,Cordeau],jcordeaufq@reverbnation.com,Female
568,Dilly,McCarrison,dmccarrisonfr@opera.com,Male
569,Rowan,Baffin,rbaffinfs@state.tx.us,Male
570,Elroy,Lightollers,elightollersft@reverbnation.com,Male
571,Ky,Baildon,kbaildonfu@blogspot.com,Male
572,Arny,Loren,alorenfv@uiuc.edu,Male
573,Shir,Vials,svialsfw@irs.gov,Female
574,Arlin,Conklin,aconklinfx@dot.gov,Male
575,Thomas,Winspare,twinsparefy@ihg.com,Male
576,Tiphany,Maplestone,tmaplestonefz@cyberchimps.com,Female
577,Sydel,McGowing,smcgowingg0@shinystat.com,Female
578,Beale,Midghall,bmidghallg1@ebay.com,Male
579,Rene,Siss,rsissg2@adobe.com,Female
580,Rudiger,Tacker,rtackerg3@blogspot.com,Male
581,Prisca,Bowlands,pbowlandsg4@paypal.com,Female
582,Ambros,Peck,apeckg5@slideshare.net,Male
583,Armstrong,Pennington,apenningtong6@shop-pro.jp,Male
584,Maxie,Linnett,mlinnettg7@springer.com,Male
585,Murdock,Biaggelli,mbiaggellig8@fastcompany.com,Male
586,Marguerite,Dreng,mdrengg9@drupal.org,Female
587,Minny,Prestie,mprestiega@friendfeed.com,Female
588,Giulia,Kalf,gkalfgb@narod.ru,Female
589,Blondelle,Blackader,bblackadergc@unesco.org,Female
590,Zita,Eim,zeimgd@miibeian.gov.cn,Female
591,Dag,Rudeyeard,drudeyeardge@purevolume.com,Male
592,Val,Curphey,vcurpheygf@ycombinator.com,Male
593,La verne,Lenton,llentongg@friendfeed.com,Female
594,Yehudi,Esser,yessergh@a8.net,Male
595,Warden,Fairest,wfairestgi@discovery.com,Male
596,Ulberto,Alldritt,ualldrittgj@youtu.be,Male
597,Genni,Hoffmann,ghoffmanngk@dropbox.com,Female
598,Olive,Balsom,obalsomgl@mozilla.com,Female
599,Sonja,Gotfrey,sgotfreygm@yellowbook.com,Female
600,Kelila,Flahy,kflahygn@epa.gov,Female
601,Franny,Paynton,fpayntongo@nhs.uk,Male
602,Ashton,Dunlap,adunlapgp@arizona.edu,Male
603,Shelton,Vela,svelagq@newsvine.com,Male
604,Hakim,Celez,hcelezgr@yelp.com,Male
605,Nevil,Moisey,nmoiseygs@webmd.com,Male
606,Fernanda,Gosland,fgoslandgt@amazonaws.com,Female
607,Heath,Elderfield,helderfieldgu@mtv.com,Male
608,Belva,Gladwin,bgladwingv@theguardian.com,Female
609,Bibbye,Basilotta,bbasilottagw@webmd.com,Female
610,Kendre,Castellini,kcastellinigx@cnet.com,Female
611,Anya,McFadzean,amcfadzeangy@sohu.com,Female
612,Marcelle,Shyres,mshyresgz@sphinn.com,Female
613,Torie,Minette,tminetteh0@icio.us,Female
614,Donnell,Bollis,dbollish1@deviantart.com,Male
615,Delmer,Dumbelton,ddumbeltonh2@paginegialle.it,Male
616,Palmer,Pledge,ppledgeh3@google.es,Male
617,Aharon,Penhalewick,apenhalewickh4@google.fr,Male
618,Stuart,McCrystal,smccrystalh5@bing.com,Male
619,Ulick,Hulatt,uhulatth6@irs.gov,Male
620,Ricoriki,Bearcroft,rbearcrofth7@yolasite.com,Male
621,Paule,Gooly,pgoolyh8@xinhuanet.com,Female
622,Grange,Trevascus,gtrevascush9@etsy.com,Male
623,Haily,Stronach,hstronachha@wiley.com,Male
624,Shelton,Becker,sbeckerhb@biglobe.ne.jp,Male
625,Nikola,Jerg,njerghc@4shared.com,Male
626,Rosalind,Cazalet,rcazalethd@yahoo.co.jp,Female
627,Tobe,Rodolfi,trodolfihe@posterous.com,Female
628,Lynnette,Deane,ldeanehf@sogou.com,Female
629,Dotty,Toone,dtoonehg@dropbox.com,Female
630,Niccolo,Soppitt,nsoppitthh@typepad.com,Male
631,Xenia,Adamson,xadamsonhi@paypal.com,Female
632,Inez,Bentley,ibentleyhj@dropbox.com,Female
633,Lanni,McVicar,lmcvicarhk@cocolog-nifty.com,Female
634,Libbey,Jess,ljesshl@artisteer.com,Female
635,Ansley,Hastewell,ahastewellhm@washingtonpost.com,Female
636,Berny,Wedmore,bwedmorehn@yellowpages.com,Female
637,Baily,Jess,bjessho@msn.com,Male
638,Tonnie,Bohike,tbohikehp@apache.org,Male
639,Benedick,Ahmad,bahmadhq@bloomberg.com,Male
640,Booth,Hayer,bhayerhr@devhub.com,Male
641,Margret,Woan,mwoanhs@rediff.com,Female
642,Friedrick,Skough,fskoughht@biblegateway.com,Male
643,Kordula,Cords,kcordshu@irs.gov,Female
644,Nisse,Domenge,ndomengehv@soup.io,Female
645,Tate,Wemes,twemeshw@istockphoto.com,Male
646,Else,Altimas,ealtimashx@deliciousdays.com,Female
647,Vanda,Brewin,vbrewinhy@biglobe.ne.jp,Female
648,Blake,Shervil,bshervilhz@livejournal.com,Male
649,Abby,Ormistone,aormistonei0@who.int,Male
650,Chad,McBean,cmcbeani1@cloudflare.com,Male
651,Christophe,Sinkings,csinkingsi2@themeforest.net,Male
652,Harry,Cahalan,hcahalani3@livejournal.com,Male
653,Alix,Howsan,ahowsani4@who.int,Male
654,Gabbie,Rawne,grawnei5@cbc.ca,Male
655,Reba,Littlejohn,rlittlejohni6@blogs.com,Female
656,Ines,Finden,ifindeni7@oakley.com,Female
657,Raimondo,Curtois,rcurtoisi8@cdbaby.com,Male
658,Derry,MacCafferky,dmaccafferkyi9@goo.gl,Male
659,Cody,Boosey,cbooseyia@mail.ru,Female
660,Dionis,Vasyukhin,dvasyukhinib@miitbeian.gov.cn,Female
661,Norri,Trowel,ntrowelic@thetimes.co.uk,Female
662,Ally,Meriott,ameriottid@1688.com,Female
663,Chevalier,Payton,cpaytonie@sourceforge.net,Male
664,Earlie,Rispen,erispenif@i2i.jp,Male
665,Mohandis,Clifford,mcliffordig@spotify.com,Male
666,Cordey,Hammelberg,chammelbergih@washington.edu,Female
667,Mollee,Bantock,mbantockii@i2i.jp,Female
668,Jeanie,Hilldrop,jhilldropij@homestead.com,Female
669,Cherida,Dairton,cdairtonik@elpais.com,Female
670,Heinrick,Menicomb,hmenicombil@marriott.com,Male
671,Sidoney,Bushell,sbushellim@geocities.jp,Female
672,Fidel,Abba,fabbain@unicef.org,Male
673,Bonita,Tisor,btisorio@sphinn.com,Female
674,Clari,Jirasek,cjirasekip@fastcompany.com,Female
675,Armand,O'Kieran,aokieraniq@seattletimes.com,Male
676,Ines,Yelland,iyellandir@state.tx.us,Female
677,Dorine,Morson,dmorsonis@accuweather.com,Female
678,Denys,Trumper,dtrumperit@house.gov,Male
679,Urbano,Obray,uobrayiu@zimbio.com,Male
680,Nolly,Gillham,ngillhamiv@macromedia.com,Male
681,Bastien,Minchinton,bminchintoniw@youtu.be,Male
682,Fairleigh,Toller,ftollerix@rambler.ru,Male
683,Teriann,Roo,trooiy@about.me,Female
684,Gran,Espada,gespadaiz@oracle.com,Male
685,Hilliard,McPhelimey,hmcphelimeyj0@ucsd.edu,Male
686,Francklin,Standbrooke,fstandbrookej1@tinyurl.com,Male
687,Margaret,Loveguard,mloveguardj2@weibo.com,Female
688,Arvin,Romney,aromneyj3@gnu.org,Male
689,Janot,Janicki,jjanickij4@hao123.com,Female
690,Livy,Mushawe,lmushawej5@uiuc.edu,Female
691,Jasper,Van Haeften,jvanhaeftenj6@businessweek.com,Male
692,Lebbie,Turk,lturkj7@businessinsider.com,Female
693,Mandi,Jean,mjeanj8@i2i.jp,Female
694,Amara,Ezzell,aezzellj9@nasa.gov,Female
695,Anne,McCarney,amccarneyja@instagram.com,Female
696,Killie,Frost,kfrostjb@squidoo.com,Male
697,Marquita,Stone Fewings,mstonefewingsjc@vistaprint.com,Female
698,Ringo,Bullocke,rbullockejd@forbes.com,Male
699,Kylen,Beardmore,kbeardmoreje@epa.gov,Female
700,Cedric,Derges,cdergesjf@fema.gov,Male
701,Paco,Bocock,pbocockjg@fema.gov,Male
702,Teresina,Ritchard,tritchardjh@soundcloud.com,Female
703,Dulcea,Thewys,dthewysji@slashdot.org,Female
704,Nessy,Ferebee,nferebeejj@github.io,Female
705,Natasha,Apark,naparkjk@canalblog.com,Female
706,Shanda,Brumen,sbrumenjl@amazon.co.uk,Female
707,Isadore,Southcott,isouthcottjm@unc.edu,Male
708,Waldo,Temple,wtemplejn@google.es,Male
709,Stacee,Ben,sbenjo@gov.uk,Male
710,Shae,Cock,scockjp@mapy.cz,Male
711,Gherardo,Redmond,gredmondjq@reuters.com,Male
712,Ode,Palmar,opalmarjr@hugedomains.com,Male
713,Gasparo,Corbert,gcorbertjs@columbia.edu,Male
714,Devan,Mulgrew,dmulgrewjt@yelp.com,Female
715,Trefor,Klehn,tklehnju@auda.org.au,Male
716,Gus,Hulke,ghulkejv@admin.ch,Male
717,Beale,Romayn,bromaynjw@friendfeed.com,Male
718,Dory,Libermore,dlibermorejx@sourceforge.net,Male
719,Howard,Lister,hlisterjy@simplemachines.org,Male
720,Maximo,Conyard,mconyardjz@telegraph.co.uk,Male
721,Percy,Pumphrey,ppumphreyk0@deviantart.com,Male
722,Marline,Skate,mskatek1@t-online.de,Female
723,Grissel,McCromley,gmccromleyk2@dyndns.org,Female
724,Marie,Dyzart,mdyzartk3@phpbb.com,Female
725,Ofelia,Filkin,ofilkink4@tumblr.com,Female
726,Dennet,Jolliff,djolliffk5@mtv.com,Male
727,Octavia,Flippelli,oflippellik6@forbes.com,Female
728,Augy,Blenkiron,ablenkironk7@aboutads.info,Male
729,Binny,Tonn,btonnk8@hibu.com,Female
730,Lina,Simnell,lsimnellk9@ameblo.jp,Female
731,Liva,Faier,lfaierka@rakuten.co.jp,Female
732,Ira,Sneyd,isneydkb@networksolutions.com,Female
733,Suzanne,Sinnett,ssinnettkc@cisco.com,Female
734,Sigismond,Taffrey,staffreykd@time.com,Male
735,Jazmin,Maginn,jmaginnke@thetimes.co.uk,Female
736,Reinhold,Naish,rnaishkf@weather.com,Male
737,Greggory,Wayvill,gwayvillkg@marketwatch.com,Male
738,Orland,McPhilip,omcphilipkh@loc.gov,Male
739,Shannon,Meakin,smeakinki@usatoday.com,Female
740,Aubrie,Knevit,aknevitkj@cornell.edu,Female
741,Krista,Keeton,kkeetonkk@apple.com,Female
742,Leone,Reina,lreinakl@pbs.org,Female
743,Kelsy,Gainor,kgainorkm@infoseek.co.jp,Female
744,Nev,Gethyn,ngethynkn@pagesperso-orange.fr,Male
745,Kevyn,Dackombe,kdackombeko@fda.gov,Female
746,Darleen,Lermouth,dlermouthkp@japanpost.jp,Female
747,Rafaelita,Anker,rankerkq@kickstarter.com,Female
748,Theodora,Anthonsen,tanthonsenkr@home.pl,Female
749,Huntington,Dicks,hdicksks@is.gd,Male
750,Oralia,Ashleigh,oashleighkt@bloglines.com,Female
751,Killian,Redferne,kredferneku@europa.eu,Male
752,Teri,Lettsom,tlettsomkv@newyorker.com,Female
753,Bald,Buzek,bbuzekkw@list-manage.com,Male
754,Sheffie,Grieveson,sgrievesonkx@illinois.edu,Male
755,Charmine,Southway,csouthwayky@goo.ne.jp,Female
756,Christoforo,Drew,cdrewkz@abc.net.au,Male
757,Kippy,Finnie,kfinniel0@cnn.com,Male
758,Bren,Marsh,bmarshl1@lulu.com,Female
759,Juanita,Kilgrew,jkilgrewl2@phoca.cz,Female
760,Ofilia,Ginner,oginnerl3@fastcompany.com,Female
761,Sheela,Little,slittlel4@cam.ac.uk,Female
762,Oberon,Cope,ocopel5@virginia.edu,Male
763,Lavinie,Dallinder,ldallinderl6@creativecommons.org,Female
764,Nero,Ferraraccio,nferraracciol7@networkadvertising.org,Male
765,Forest,Vedyashkin,fvedyashkinl8@last.fm,Male
766,Lauretta,Beretta,lberettal9@people.com.cn,Female
767,Read,Relf,rrelfla@stumbleupon.com,Male
768,Lettie,de Merida,ldemeridalb@deviantart.com,Female
769,Ninnetta,Meachem,nmeachemlc@springer.com,Female
770,Cole,Jimpson,cjimpsonld@dell.com,Male
771,Daryl,Blencowe,dblencowele@edublogs.org,Male
772,Netti,Sloss,nslosslf@netvibes.com,Female
773,Marsh,Bryett,mbryettlg@imgur.com,Male
774,Edan,Rihosek,erihoseklh@wikipedia.org,Male
775,Bridie,Jertz,bjertzli@discovery.com,Female
776,Tabitha,MacGiffin,tmacgiffinlj@arstechnica.com,Female
777,Alano,Pammenter,apammenterlk@elegantthemes.com,Male
778,Angil,Jowett,ajowettll@google.de,Female
779,Geoff,Bader,gbaderlm@fastcompany.com,Male
780,Minerva,Spiers,mspiersln@comcast.net,Female
781,Calli,Ubank,cubanklo@eepurl.com,Female
782,Consolata,Greggersen,cgreggersenlp@businessinsider.com,Female
783,Julio,Skeech,jskeechlq@about.com,Male
784,Konstantine,Cotterill,kcotterilllr@house.gov,Male
785,Cherianne,Scantlebury,cscantleburyls@sciencedirect.com,Female
786,Marwin,Spratling,mspratlinglt@addthis.com,Male
787,Nata,Feares,nfeareslu@webnode.com,Female
788,Burk,Bortolussi,bbortolussilv@dyndns.org,Male
789,Andie,Lowry,alowrylw@example.com,Female
790,Loreen,Booth-Jarvis,lboothjarvislx@cmu.edu,Female
791,Rowney,Dominique,rdominiquely@home.pl,Male
792,Fred,Nibley,fnibleylz@yelp.com,Female
793,Bernie,Roostan,broostanm0@engadget.com,Male
794,Traci,Cham,tchamm1@fotki.com,Female
795,Vittoria,Powton,vpowtonm2@statcounter.com,Female
796,Bordy,Whiscard,bwhiscardm3@walmart.com,Male
797,Lauritz,Tofful,ltoffulm4@yale.edu,Male
798,Mariska,Vany,mvanym5@ucsd.edu,Female
799,Katusha,Tothe,ktothem6@cloudflare.com,Female
800,Danica,McKea,dmckeam7@jalbum.net,Female
801,Emilio,Le Breton,elebretonm8@sphinn.com,Male
802,Ebeneser,Adolphine,eadolphinem9@diigo.com,Male
803,Claybourne,Alan,calanma@t.co,Male
804,Tirrell,Seignior,tseigniormb@netvibes.com,Male
805,Carlee,McAlindon,cmcalindonmc@reference.com,Female
806,Pate,Skacel,pskacelmd@tiny.cc,Male
807,Ives,Keeping,ikeepingme@xinhuanet.com,Male
808,Sydney,Corthes,scorthesmf@earthlink.net,Female
809,Raffarty,Dagwell,rdagwellmg@tamu.edu,Male
810,Germaine,Boxen,gboxenmh@cisco.com,Female
811,Jena,Footer,jfootermi@flickr.com,Female
812,Dayle,Colerick,dcolerickmj@wufoo.com,Female
813,Winnie,Whether,wwhethermk@quantcast.com,Male
814,Darb,Woolager,dwoolagerml@shinystat.com,Male
815,Rita,Smyth,rsmythmm@spiegel.de,Female
816,Dosi,Sheaber,dsheabermn@indiatimes.com,Female
817,Jerrie,Francescotti,jfrancescottimo@bbc.co.uk,Male
818,Valina,Acklands,vacklandsmp@bravesites.com,Female
819,Caz,Bonhill,cbonhillmq@chron.com,Male
820,Aurora,McAmish,amcamishmr@elpais.com,Female
821,Link,Feacham,lfeachamms@cornell.edu,Male
822,Denni,Bedminster,dbedminstermt@answers.com,Female
823,Buddy,Pithie,bpithiemu@noaa.gov,Male
824,Gloria,Matasov,gmatasovmv@craigslist.org,Female
825,Norry,Kording,nkordingmw@netvibes.com,Female
826,Kaia,Piller,kpillermx@people.com.cn,Female
827,Juline,Franzen,jfranzenmy@smugmug.com,Female
828,Yale,Shelly,yshellymz@bigcartel.com,Male
829,Dianne,Busk,dbuskn0@oracle.com,Female
830,Eldredge,Pourveer,epourveern1@google.ca,Male
831,Elisabeth,Ketteringham,eketteringhamn2@opensource.org,Female
832,Dell,Le Sieur,dlesieurn3@i2i.jp,Female
833,Horatia,Hawkey,hhawkeyn4@apache.org,Female
834,Waverly,Huxham,whuxhamn5@nature.com,Male
835,Margalo,Gravells,mgravellsn6@redcross.org,Female
836,Boony,Segebrecht,bsegebrechtn7@moonfruit.com,Male
837,Gianni,Dansey,gdanseyn8@friendfeed.com,Male
838,Letizia,MacQueen,lmacqueenn9@wsj.com,Female
839,Ashlie,Delleschi,adelleschina@redcross.org,Female
840,Joelle,Amorine,jamorinenb@yolasite.com,Female
841,Dorothy,Holworth,dholworthnc@berkeley.edu,Female
842,Zollie,Cordeux,zcordeuxnd@mlb.com,Male
843,Cyril,Barling,cbarlingne@drupal.org,Male
844,Radcliffe,Bukowski,rbukowskinf@ftc.gov,Male
845,Myrlene,Larham,mlarhamng@comcast.net,Female
846,Sheree,Wood,swoodnh@nyu.edu,Female
847,Joe,Cutchie,jcutchieni@constantcontact.com,Male
848,Rivkah,Umbert,rumbertnj@independent.co.uk,Female
849,Jareb,Toby,jtobynk@businessweek.com,Male
850,Norris,Lorryman,nlorrymannl@wix.com,Male
851,Meara,Fosse,mfossenm@over-blog.com,Female
852,Zared,Gunstone,zgunstonenn@is.gd,Male
853,Vanya,Clemot,vclemotno@studiopress.com,Male
854,Noll,Gallihaulk,ngallihaulknp@tamu.edu,Male
855,Hy,Wigelsworth,hwigelsworthnq@myspace.com,Male
856,Madella,Ygoe,mygoenr@europa.eu,Female
857,Aleksandr,Guerry,aguerryns@shareasale.com,Male
858,Sabina,Burd,sburdnt@lycos.com,Female
859,Hedwig,Flagg,hflaggnu@tmall.com,Female
860,Jemmie,Frankum,jfrankumnv@hatena.ne.jp,Female
861,Zita,Clitheroe,zclitheroenw@hao123.com,Female
862,Micheline,Skellen,mskellennx@cmu.edu,Female
863,Ronica,Dawidowicz,rdawidowiczny@economist.com,Female
864,Fleurette,Winsborrow,fwinsborrownz@cnbc.com,Female
865,Marijo,Avrahamy,mavrahamyo0@reverbnation.com,Female
866,Doralynne,Reston,drestono1@meetup.com,Female
867,Zed,Flips,zflipso2@slideshare.net,Male
868,El,McHan,emchano3@chronoengine.com,Male
869,Ab,Pischof,apischofo4@macromedia.com,Male
870,Lizzy,Mattia,lmattiao5@businesswire.com,Female
871,Bennett,Barstock,bbarstocko6@soup.io,Male
872,Priscella,Dumbreck,pdumbrecko7@bluehost.com,Female
873,Vitoria,McIlenna,vmcilennao8@wix.com,Female
874,Raina,Gerdes,rgerdeso9@toplist.cz,Female
875,Krishna,Daughton,kdaughtonoa@ameblo.jp,Male
876,Noble,Izzat,nizzatob@dell.com,Male
877,Antoinette,Greenland,agreenlandoc@goo.gl,Female
878,Dinnie,Watmough,dwatmoughod@bloomberg.com,Female
879,Gawen,Elloy,gelloyoe@gmpg.org,Male
880,Shea,Fleckno,sflecknoof@unesco.org,Male
881,Sela,Nourse,snourseog@ucsd.edu,Female
882,Billye,Bech,bbechoh@flickr.com,Female
883,Alister,Boobyer,aboobyeroi@behance.net,Male
884,Sophi,Hallwood,shallwoodoj@independent.co.uk,Female
885,Mortimer,Cud,mcudok@salon.com,Male
886,Nicky,Dignall,ndignallol@geocities.com,Male
887,Gertrudis,Strapp,gstrappom@yelp.com,Female
888,Ame,Fawckner,afawckneron@netlog.com,Female
889,Mead,Raistrick,mraistrickoo@noaa.gov,Male
890,Mercedes,Kale,mkaleop@163.com,Female
891,Desdemona,Gowlett,dgowlettoq@answers.com,Female
892,Herculie,Rust,hrustor@nifty.com,Male
893,Glory,Keast,gkeastos@pagesperso-orange.fr,Female
894,Honor,Cahillane,hcahillaneot@blogs.com,Female
895,Shaughn,MacCartan,smaccartanou@lulu.com,Male
896,Bronny,Letchford,bletchfordov@washington.edu,Male
897,Abe,Andell,aandellow@spiegel.de,Male
898,Portie,Hoy,phoyox@bandcamp.com,Male
899,Lorna,Bendtsen,lbendtsenoy@domainmarket.com,Female
900,Blinni,Harp,bharpoz@auda.org.au,Female
901,Aurilia,Gumley,agumleyp0@privacy.gov.au,Female
902,Layla,Ianizzi,lianizzip1@pbs.org,Female
903,Serge,Greally,sgreallyp2@google.ru,Male
904,Hazel,Morecombe,hmorecombep3@salon.com,Male
905,Pasquale,Duinbleton,pduinbletonp4@icq.com,Male
906,Wilbur,Wilkerson,wwilkersonp5@mapy.cz,Male
907,Murray,Aberdein,maberdeinp6@ft.com,Male
908,Davine,Coldwell,dcoldwellp7@google.com,Female
909,Nickola,Ormston,normstonp8@hhs.gov,Male
910,Rolf,Livingstone,rlivingstonep9@slashdot.org,Male
911,Ange,Dwight,adwightpa@acquirethisname.com,Male
912,Alix,Roder,aroderpb@surveymonkey.com,Male
913,Ferguson,Wathen,fwathenpc@opera.com,Male
914,Pietra,Coneau,pconeaupd@bbb.org,Female
915,Kyle,Rosoni,krosonipe@uol.com.br,Male
916,Jeana,Sirman,jsirmanpf@google.nl,Female
917,Lenci,Mullaly,lmullalypg@springer.com,Male
918,Josy,Antonetti,jantonettiph@de.vu,Female
919,Chloe,Gilhool,cgilhoolpi@4shared.com,Female
920,Celina,MacLeese,cmacleesepj@wufoo.com,Female
921,Joleen,Dowyer,jdowyerpk@youtube.com,Female
922,Celine,Pedder,cpedderpl@skype.com,Female
923,Mallory,Leate,mleatepm@aboutads.info,Male
924,Moreen,Knevet,mknevetpn@wisc.edu,Female
925,Phip,Regler,preglerpo@eepurl.com,Male
926,Sherill,Essery,sesserypp@go.com,Female
927,Priscella,Mace,pmacepq@trellian.com,Female
928,Marlee,Mingaye,mmingayepr@ihg.com,Female
929,Libbi,Ferneley,lferneleyps@taobao.com,Female
930,Roana,Cuolahan,rcuolahanpt@nps.gov,Female
931,Temp,Roizin,troizinpu@goo.ne.jp,Male
932,Josie,Cheasman,jcheasmanpv@mashable.com,Female
933,Lucio,Stych,lstychpw@dropbox.com,Male
934,Leonora,Willoway,lwillowaypx@mac.com,Female
935,Boycie,Feldberger,bfeldbergerpy@hhs.gov,Male
936,Oliviero,Ettels,oettelspz@last.fm,Male
937,Ethelbert,De Giorgio,edegiorgioq0@ow.ly,Male
938,Hilliary,Bedburrow,hbedburrowq1@goodreads.com,Female
939,Kylie,Heindrick,kheindrickq2@artisteer.com,Female
940,Wiley,Sandercock,wsandercockq3@forbes.com,Male
941,Tiff,Toretta,ttorettaq4@i2i.jp,Female
942,Bennett,O'Hagirtie,bohagirtieq5@wufoo.com,Male
943,Noach,Brownscombe,nbrownscombeq6@ocn.ne.jp,Male
944,Lil,Winterton,lwintertonq7@hhs.gov,Female
945,Candide,Bullivent,cbulliventq8@com.com,Female
946,Ailbert,Tonry,atonryq9@bloglines.com,Male
947,Penn,Nurden,pnurdenqa@a8.net,Male
948,Jerrilee,McCall,jmccallqb@ask.com,Female
949,Chris,Bretherick,cbretherickqc@example.com,Male
950,Jerrylee,Dilawey,jdilaweyqd@angelfire.com,Female
951,Neala,Llorens,nllorensqe@netvibes.com,Female
952,Barby,Small,bsmallqf@amazonaws.com,Female
953,Queenie,Spadelli,qspadelliqg@meetup.com,Female
954,Jemmie,Cardenosa,jcardenosaqh@tiny.cc,Female
955,Velma,Jerke,vjerkeqi@webs.com,Female
956,Livvyy,Deschelle,ldeschelleqj@un.org,Female
957,Sibel,Braitling,sbraitlingqk@tinypic.com,Female
958,Ephrayim,Sivil,esivilql@usda.gov,Male
959,Florry,Duckering,fduckeringqm@lulu.com,Female
960,Luis,Huard,lhuardqn@smh.com.au,Male
961,Tedi,Lakey,tlakeyqo@imdb.com,Female
962,Devin,Slocomb,dslocombqp@wikispaces.com,Male
963,Rozina,Moresby,rmoresbyqq@blogtalkradio.com,Female
964,Suzanna,Cramond,scramondqr@oracle.com,Female
965,Wait,Knewstub,wknewstubqs@edublogs.org,Male
966,Corri,Rediers,crediersqt@about.com,Female
967,Andrea,Ostridge,aostridgequ@shinystat.com,Male
968,Astra,Barok,abarokqv@scribd.com,Female
969,Lina,Sine,lsineqw@zimbio.com,Female
970,Esra,Hamby,ehambyqx@umich.edu,Male
971,Genna,McCandless,gmccandlessqy@ca.gov,Female
972,Blane,Demare,bdemareqz@blogger.com,Male
973,Nerty,Droogan,ndrooganr0@github.io,Female
974,Hannie,Skone,hskoner1@jigsy.com,Female
975,Morton,Coda,mcodar2@umich.edu,Male
976,Niko,Clifft,nclifftr3@abc.net.au,Male
977,Freeland,Bownd,fbowndr4@intel.com,Male
978,Rutger,Brogiotti,rbrogiottir5@goo.ne.jp,Male
979,Bayard,Bentson,bbentsonr6@networksolutions.com,Male
980,Hilda,Dockreay,hdockreayr7@salon.com,Female
981,Tudor,Beric,tbericr8@sakura.ne.jp,Male
982,Niels,Wardesworth,nwardesworthr9@themeforest.net,Male
983,Jamey,Jarrette,jjarrettera@globo.com,Male
984,Aloin,Sparrowe,asparrowerb@friendfeed.com,Male
985,Sindee,Smithers,ssmithersrc@freewebs.com,Female
986,Ulric,Thunnercliff,uthunnercliffrd@edublogs.org,Male
987,Quintin,Leimster,qleimsterre@independent.co.uk,Male
988,Ibby,Canham,icanhamrf@plala.or.jp,Female
989,Juan,Labon,jlabonrg@jimdo.com,Male
990,Armstrong,Laguerre,alaguerrerh@noaa.gov,Male
991,Lorena,Kordova,lkordovari@weebly.com,Female
992,Kimball,Whittlesea,kwhittlesearj@barnesandnoble.com,Male
993,Pennie,Di Domenico,pdidomenicork@independent.co.uk,Male
994,Melissa,Ghilardi,mghilardirl@cmu.edu,Female
995,Abby,Celiz,acelizrm@yelp.com,Female
996,Dannye,Jenken,djenkenrn@dmoz.org,Female
997,Avis,Thackeray,athackerayro@time.com,Female
998,Flin,O'Grady,fogradyrp@cargocollective.com,Male
999,Itch,Jonczyk,ijonczykrq@joomla.org,Male
1000,Shayna,Harflete,sharfleterr@quantcast.com,Female
